ticker,fecha,hora_entrada,precio_entrada,hora_salida,precio_salida,motivo_salida,r_multiple
CANF,2026-07-01,05:01:00,2.83,07:01:00,3.679,stop_30pct,-1.0
EHGO,2026-07-01,05:01:00,2.38,11:00:00,2.2489,hora_11:00,0.18
LGPS,2026-07-01,05:01:00,0.8838,11:00:00,0.8209,hora_11:00,0.24
TC,2026-07-01,05:01:00,3.5,05:22:00,4.55,stop_30pct,-1.0
VMAR,2026-07-01,05:02:00,2.499,11:00:00,1.54,hora_11:00,1.28
JEM,2026-07-01,05:03:00,7.6,07:01:00,9.88,stop_30pct,-1.0
BTOG,2026-07-01,05:04:00,1.47,11:00:00,1.405,hora_11:00,0.15
CVKD,2026-07-01,05:04:00,2.8,10:16:00,3.64,stop_30pct,-1.0
UVIX,2026-07-01,05:16:00,60.63,11:00:00,62.48,hora_11:00,-0.1
TC,2026-07-01,05:24:00,4.47,05:38:00,5.811,stop_30pct,-1.0
ELAB,2026-07-01,05:44:00,1.29,07:30:00,1.677,stop_30pct,-1.0
VRAX,2026-07-01,06:02:00,3.3391,06:10:00,4.3408,stop_30pct,-1.0
VRAX,2026-07-01,06:11:00,3.73,11:04:00,2.91,hora_11:00,0.73
JEM,2026-07-01,07:03:00,8.62,11:00:00,6.1601,hora_11:00,0.95
CANF,2026-07-01,07:04:00,4.74,07:06:00,6.162,stop_30pct,-1.0
ELAB,2026-07-01,07:33:00,1.57,11:00:00,1.325,hora_11:00,0.52
DSY,2026-07-02,05:01:00,5.23,11:00:00,4.65,hora_11:00,0.37
USDE,2026-07-02,05:01:00,5.35,11:00:00,3.25,hora_11:00,1.31
WHLR,2026-07-02,05:01:00,2.15,11:00:00,1.1588,hora_11:00,1.54
SDEV,2026-07-02,05:04:00,1.3498,11:00:00,1.34,hora_11:00,0.02
JEM,2026-07-02,05:05:00,3.695,11:00:00,2.4,hora_11:00,1.17
LGCL,2026-07-02,05:18:00,1.61,09:02:00,2.093,stop_30pct,-1.0
CETX,2026-07-02,06:34:00,2.7,08:32:00,3.51,stop_30pct,-1.0
FXHO,2026-07-06,05:01:00,22.57,11:01:00,16.38,hora_11:00,0.91
JLHL,2026-07-06,05:01:00,9.73,11:00:00,5.9,hora_11:00,1.31
LHSW,2026-07-06,05:01:00,3.43,07:04:00,4.459,stop_30pct,-1.0
ZCMD,2026-07-06,05:04:00,3.005,11:00:00,2.26,hora_11:00,0.83
TDTH,2026-07-06,05:11:00,1.68,08:02:00,2.184,stop_30pct,-1.0
GMEX,2026-07-06,05:21:00,3.8159,08:30:00,4.9607,stop_30pct,-1.0
TDIC,2026-07-06,05:46:00,5.08,06:44:00,6.604,stop_30pct,-1.0
SPHL,2026-07-06,06:10:00,3.15,06:10:00,4.095,stop_30pct,-1.0
SPHL,2026-07-06,06:14:00,4.62,11:00:00,3.09,hora_11:00,1.1
TDIC,2026-07-06,06:46:00,6.12,11:00:00,5.47,hora_11:00,0.35
LHSW,2026-07-06,07:07:00,5.73,09:03:00,7.449,stop_30pct,-1.0
WULX,2026-07-06,07:07:00,35.53,08:00:00,46.189,stop_30pct,-1.0
EDHL,2026-07-07,05:01:00,5.23,11:00:00,4.8555,hora_11:00,0.24
TDIC,2026-07-07,05:01:00,5.31,11:00:00,3.79,hora_11:00,0.95
BJDX,2026-07-07,05:02:00,1.74,11:00:00,1.5397,hora_11:00,0.38
TDTH,2026-07-07,05:03:00,2.99,11:00:00,2.6584,hora_11:00,0.37
VCRE,2026-07-07,05:03:00,20.0,11:03:00,16.15,hora_11:00,0.64
CRNX,2026-07-07,05:08:00,83.65,11:00:00,83.54,hora_11:00,0.0
DCX,2026-07-08,05:01:00,1.36,11:00:00,1.05,hora_11:00,0.76
IOTR,2026-07-08,05:03:00,4.04,11:00:00,3.28,hora_11:00,0.63
NCRA,2026-07-08,05:03:00,2.029,08:05:00,2.6377,stop_30pct,-1.0
WFF,2026-07-08,05:03:00,2.53,07:35:00,3.289,stop_30pct,-1.0
BKYI,2026-07-08,07:10:00,5.2,11:06:00,4.95,hora_11:00,0.16
WFF,2026-07-08,07:36:00,2.9,11:00:00,1.795,hora_11:00,1.27
RPGL,2026-07-09,05:02:00,2.65,11:00:00,2.195,hora_11:00,0.57
VRAX,2026-07-09,07:34:00,5.84,07:38:00,7.592,stop_30pct,-1.0
VRAX,2026-07-09,07:40:00,7.35,08:51:00,9.555,stop_30pct,-1.0
ELPW,2026-07-10,05:01:00,0.8975,11:00:00,0.3075,hora_11:00,2.19
JLHL,2026-07-10,05:01:00,17.52,11:00:00,8.9763,hora_11:00,1.63
GMM,2026-07-10,05:02:00,3.3,07:04:00,4.29,stop_30pct,-1.0
PMA,2026-07-10,05:02:00,1.48,05:48:00,1.924,stop_30pct,-1.0
JZXN,2026-07-10,05:03:00,1.16,09:15:00,1.508,stop_30pct,-1.0
HAO,2026-07-10,05:04:00,1.41,05:05:00,1.833,stop_30pct,-1.0
CHSN,2026-07-10,05:07:00,1.12,07:19:00,1.456,stop_30pct,-1.0
HAO,2026-07-10,05:09:00,1.675,11:00:00,1.48,hora_11:00,0.39
ZCMD,2026-07-10,05:10:00,2.16,05:22:00,2.808,stop_30pct,-1.0
ZCMD,2026-07-10,05:25:00,2.44,11:00:00,2.1356,hora_11:00,0.42
PMA,2026-07-10,05:50:00,1.77,11:00:00,1.81,hora_11:00,-0.08
CRE,2026-07-10,07:00:00,3.13,07:08:00,4.069,stop_30pct,-1.0
GMM,2026-07-10,07:05:00,4.12,08:32:00,5.356,stop_30pct,-1.0
CRE,2026-07-10,07:10:00,4.07,11:00:00,3.1125,hora_11:00,0.78
CHSN,2026-07-10,07:23:00,1.2,07:52:00,1.56,stop_30pct,-1.0
EHGO,2026-07-13,05:03:00,2.35,11:00:00,2.2613,hora_11:00,0.13
QTTB,2026-07-13,05:03:00,14.1197,06:59:00,18.3556,stop_30pct,-1.0
MIMI,2026-07-13,05:05:00,3.58,11:00:00,3.15,hora_11:00,0.4
BMNU,2026-07-13,05:06:00,8.1732,11:00:00,7.87,hora_11:00,0.12
AGEN,2026-07-13,06:03:00,3.7,07:17:00,4.81,stop_30pct,-1.0
VEEE,2026-07-13,07:01:00,4.68,08:50:00,6.084,stop_30pct,-1.0
QTTB,2026-07-13,07:02:00,20.47,11:00:00,20.2398,hora_11:00,0.04
PLSM,2026-07-13,07:03:00,4.09,07:59:00,5.317,stop_30pct,-1.0
AGEN,2026-07-13,07:19:00,4.61,09:46:00,5.993,stop_30pct,-1.0
OLOX,2026-07-13,07:38:00,5.5945,08:31:00,7.2729,stop_30pct,-1.0
BJDX,2026-07-14,05:01:00,1.6,11:00:00,1.335,hora_11:00,0.55
SHPH,2026-07-14,05:01:00,4.23,11:00:00,4.0413,hora_11:00,0.15
UONEK,2026-07-14,05:01:00,4.94,11:00:00,3.89,hora_11:00,0.71
VMAR,2026-07-14,05:01:00,2.28,11:00:00,1.515,hora_11:00,1.12
GMEX,2026-07-14,05:04:00,1.92,08:31:00,2.496,stop_30pct,-1.0
JTAI,2026-07-14,05:58:00,5.45,08:30:00,7.085,stop_30pct,-1.0
NXTC,2026-07-14,06:03:00,2.96,06:06:00,3.848,stop_30pct,-1.0
NXTC,2026-07-14,06:08:00,4.085,06:15:00,5.3105,stop_30pct,-1.0
SFHG,2026-07-14,08:30:00,2.49,13:20:00,2.5001,hora_11:00,-0.01
JTAI,2026-07-15,05:01:00,4.878,06:02:00,6.3414,stop_30pct,-1.0
SOBR,2026-07-15,05:03:00,1.21,06:42:00,1.573,stop_30pct,-1.0
KUST,2026-07-15,05:08:00,1.85,11:00:00,1.315,hora_11:00,0.96
AEHG,2026-07-15,05:19:00,11.41,11:00:00,11.2322,hora_11:00,0.05
VSA,2026-07-15,05:42:00,4.31,11:00:00,3.375,hora_11:00,0.72
JTAI,2026-07-15,06:04:00,6.12,11:04:00,4.6029,hora_11:00,0.83
SOBR,2026-07-15,06:45:00,1.68,09:39:00,2.184,stop_30pct,-1.0
ELVA,2026-07-15,07:02:00,9.33,09:06:00,12.129,stop_30pct,-1.0
KRWX,2026-07-15,07:09:00,16.35,11:01:00,13.8,hora_11:00,0.52
ERNA,2026-07-15,07:52:00,8.4703,07:57:00,11.0114,stop_30pct,-1.0
ERNA,2026-07-15,07:59:00,11.02,11:00:00,7.15,hora_11:00,1.17
ATPC,2026-07-16,05:01:00,3.83,11:00:00,3.48,hora_11:00,0.3
DXST,2026-07-16,05:01:00,2.92,11:00:00,2.5503,hora_11:00,0.42
TGHL,2026-07-16,05:03:00,1.09,07:00:00,1.417,stop_30pct,-1.0
ATAI,2026-07-16,05:05:00,8.13,11:00:00,7.14,hora_11:00,0.41
RUBI,2026-07-16,06:07:00,3.67,08:31:00,4.771,stop_30pct,-1.0
TGHL,2026-07-16,07:02:00,1.36,11:00:00,1.265,hora_11:00,0.23
CJMB,2026-07-17,05:01:00,1.28,11:00:00,1.2211,hora_11:00,0.15
SDOT,2026-07-17,05:01:00,16.66,07:21:00,21.658,stop_30pct,-1.0
BRIA,2026-07-17,05:02:00,1.29,11:04:00,1.51,hora_11:00,-0.57
PSNYW,2026-07-17,05:04:00,32.75,11:00:00,8.4,hora_11:00,2.48
SDOT,2026-07-17,07:25:00,22.6,11:00:00,21.72,hora_11:00,0.13
BIYA,2026-07-20,05:01:00,6.02,07:42:00,7.826,stop_30pct,-1.0
GVH,2026-07-20,05:01:00,5.88,11:00:00,1.93,hora_11:00,2.24
ADVB,2026-07-20,05:02:00,7.2,11:03:00,8.69,hora_11:00,-0.69
GIGM,2026-07-20,05:02:00,1.3186,15:32:00,1.425,hora_11:00,-0.27
GOAI,2026-07-20,05:02:00,2.8194,11:00:00,2.4601,hora_11:00,0.42
BIYA,2026-07-20,07:44:00,8.11,11:00:00,7.8801,hora_11:00,0.09
SNDQ,2026-07-21,05:01:00,33.09,11:00:00,31.47,hora_11:00,0.16
HIHO,2026-07-21,05:02:00,1.41,11:00:00,1.1901,hora_11:00,0.52
IREZ,2026-07-21,05:07:00,20.611,11:00:00,21.3,hora_11:00,-0.11
VIVK,2026-07-21,05:14:00,1.6563,09:15:00,2.1532,stop_30pct,-1.0
PONX,2026-07-21,05:38:00,14.64,11:03:00,15.6,hora_11:00,-0.22
NBIZ,2026-07-21,05:52:00,31.84,11:00:00,27.415,hora_11:00,0.46
INLF,2026-07-22,05:01:00,4.7628,11:00:00,3.765,hora_11:00,0.7
LICN,2026-07-22,05:01:00,1.59,11:00:00,1.6001,hora_11:00,-0.02
ZCMD,2026-07-22,05:02:00,2.0877,06:00:00,2.714,stop_30pct,-1.0
SXTC,2026-07-22,05:03:00,4.835,11:00:00,2.0409,hora_11:00,1.93
CPHI,2026-07-22,05:04:00,6.5287,07:06:00,8.4873,stop_30pct,-1.0
SNTG,2026-07-22,05:06:00,2.33,11:00:00,2.43,hora_11:00,-0.14
ADVB,2026-07-22,05:43:00,7.12,07:18:00,9.256,stop_30pct,-1.0
ZCMD,2026-07-22,06:02:00,2.73,09:46:00,3.549,stop_30pct,-1.0
BDRX,2026-07-22,06:45:00,2.6298,11:01:00,1.75,hora_11:00,1.12
INM,2026-07-22,07:02:00,4.04,11:00:00,1.88,hora_11:00,1.78
CPHI,2026-07-22,07:11:00,8.33,11:00:00,2.005,hora_11:00,2.53
ADVB,2026-07-22,07:21:00,8.87,10:13:00,11.531,stop_30pct,-1.0
VWAVW,2026-07-22,07:59:00,0.69,11:12:00,0.7078,hora_11:00,-0.09
LABT,2026-07-22,08:02:00,1.863,08:03:00,2.4219,stop_30pct,-1.0
EHGO,2026-07-23,05:01:00,2.72,09:29:00,3.536,stop_30pct,-1.0
LGCL,2026-07-23,05:01:00,1.96,11:00:00,1.465,hora_11:00,0.84
JEM,2026-07-23,05:02:00,3.71,07:20:00,4.823,stop_30pct,-1.0
ZCMD,2026-07-23,05:02:00,2.6061,06:34:00,3.3879,stop_30pct,-1.0
ZYBT,2026-07-23,05:06:00,1.7601,11:00:00,1.675,hora_11:00,0.16
NIKI,2026-07-23,06:25:00,8.68,08:01:00,11.284,stop_30pct,-1.0
ZCMD,2026-07-23,06:38:00,3.37,09:08:00,4.381,stop_30pct,-1.0
JEM,2026-07-23,07:22:00,4.77,07:27:00,6.201,stop_30pct,-1.0
JEM,2026-07-24,05:01:00,5.8458,11:00:00,5.69,hora_11:00,0.09
LVWR,2026-07-24,05:01:00,1.56,11:00:00,1.45,hora_11:00,0.24
VIVK,2026-07-24,05:01:00,2.3191,08:02:00,3.0148,stop_30pct,-1.0
WLDS,2026-07-24,05:02:00,2.84,11:00:00,2.72,hora_11:00,0.14
ADVB,2026-07-24,05:17:00,17.31,06:36:00,22.503,stop_30pct,-1.0
ADVB,2026-07-24,06:39:00,22.6,11:00:00,17.15,hora_11:00,0.8
MSS,2026-07-24,07:17:00,2.55,09:00:00,3.315,stop_30pct,-1.0
AMIX,2026-07-24,07:35:00,3.47,08:53:00,4.511,stop_30pct,-1.0
BIYA,2026-07-27,05:01:00,2.7507,09:36:00,3.5759,stop_30pct,-1.0
DFNS,2026-07-27,05:01:00,5.93,07:43:00,7.709,stop_30pct,-1.0
LGHL,2026-07-27,05:02:00,2.1494,11:00:00,1.425,hora_11:00,1.12
PFSA,2026-07-27,06:04:00,2.7,11:00:00,0.9564,hora_11:00,2.15
VTIX,2026-07-27,07:21:00,2.56,09:17:00,3.328,stop_30pct,-1.0
ENTX,2026-07-27,07:23:00,2.25,08:32:00,2.925,stop_30pct,-1.0
DFNS,2026-07-27,07:46:00,7.6718,11:00:00,6.905,hora_11:00,0.33
EDBL,2026-07-27,07:56:00,3.25,08:17:00,4.225,stop_30pct,-1.0
DFNS,2026-07-28,05:02:00,15.51,07:55:00,20.163,stop_30pct,-1.0
BKYI,2026-07-28,05:03:00,5.7,11:00:00,4.79,hora_11:00,0.53
INLF,2026-07-28,05:03:00,4.7505,09:52:00,6.1757,stop_30pct,-1.0
POLA,2026-07-28,05:04:00,2.0,11:00:00,2.1301,hora_11:00,-0.22
FIRY,2026-07-28,05:06:00,10.0,06:22:00,13.0,stop_30pct,-1.0
FIRY,2026-07-28,06:24:00,13.0,11:00:00,12.25,hora_11:00,0.19
ENLV,2026-07-28,06:34:00,4.43,08:00:00,5.759,stop_30pct,-1.0
DFNS,2026-07-28,07:58:00,20.59,09:39:00,26.767,stop_30pct,-1.0
AMIX,2026-07-29,05:01:00,4.5599,09:35:00,5.9279,stop_30pct,-1.0
DFNS,2026-07-29,05:01:00,31.89,06:10:00,41.457,stop_30pct,-1.0
VIVK,2026-07-29,05:02:00,2.04,07:46:00,2.652,stop_30pct,-1.0
STFS,2026-07-29,05:03:00,5.12,11:00:00,4.78,hora_11:00,0.22
LGHL,2026-07-29,05:05:00,1.309,11:00:00,1.19,hora_11:00,0.3
TURB,2026-07-29,05:06:00,1.51,11:00:00,1.445,hora_11:00,0.14
GMM,2026-07-29,05:07:00,3.46,11:00:00,2.7501,hora_11:00,0.68
NCRA,2026-07-29,05:09:00,1.5506,08:01:00,2.0158,stop_30pct,-1.0
DFNS,2026-07-29,06:12:00,40.5344,11:00:00,34.7624,hora_11:00,0.47
PCSA,2026-07-29,07:16:00,3.1548,07:30:00,4.1012,stop_30pct,-1.0
PCSA,2026-07-29,07:32:00,3.2402,11:00:00,2.2401,hora_11:00,1.03
VIVK,2026-07-29,07:47:00,2.51,11:00:00,2.43,hora_11:00,0.11
STKH,2026-07-30,05:01:00,3.7098,09:33:00,4.8227,stop_30pct,-1.0
DFNS,2026-07-30,05:02:00,92.72,11:00:00,81.355,hora_11:00,0.41
NUWE,2026-07-30,05:02:00,3.9201,08:33:00,5.0961,stop_30pct,-1.0
DCX,2026-07-30,05:03:00,1.335,11:00:00,1.2609,hora_11:00,0.19
LRCU,2026-07-30,07:30:00,41.64,09:29:00,54.132,stop_30pct,-1.0
PN,2026-07-30,07:46:00,11.32,08:07:00,14.716,stop_30pct,-1.0
